Year,Topic,Count,Custom_Label
2023,5,27,Topic 5
2023,19,25,Topic 19
2023,42,4,Topic 42
2023,37,20,Topic 37
2023,51,11,Topic 51
2023,58,2,Topic 58
2023,0,71,Topic 0
2023,2,74,Topic 2
2023,49,15,Topic 49
2023,13,14,Topic 13
2023,21,9,Topic 21
2023,7,6,Topic 7
2023,9,29,Topic 9
2023,54,6,Topic 54
2023,35,10,Topic 35
2023,39,10,Topic 39
2023,26,14,Topic 26
2023,60,2,Topic 60
2023,33,8,Topic 33
2023,11,10,Topic 11
2023,28,6,Topic 28
2023,24,8,Topic 24
2023,14,14,Topic 14
2023,25,3,Topic 25
2023,48,5,Topic 48
2023,46,8,Topic 46
2023,74,6,Topic 74
2023,80,7,Topic 80
2023,82,5,Topic 82
2023,45,7,Topic 45
2023,52,7,Topic 52
2023,73,3,Topic 73
2023,38,11,Topic 38
2023,76,3,Topic 76
2023,3,33,Topic 3
2023,16,7,Topic 16
2023,1,52,Topic 1
2023,63,4,Topic 63
2023,23,10,Topic 23
2023,44,13,Topic 44
2023,4,33,Topic 4
2023,36,11,Topic 36
2023,70,3,Topic 70
2023,8,12,Topic 8
2023,59,3,Topic 59
2023,78,4,Topic 78
2023,40,9,Topic 40
2023,6,16,Topic 6
2023,32,5,Topic 32
2023,61,6,Topic 61
2023,62,2,Topic 62
2023,69,2,Topic 69
2023,15,6,Topic 15
2023,79,4,Topic 79
2023,50,2,Topic 50
2023,27,11,Topic 27
2023,64,10,Topic 64
2023,18,14,Topic 18
2023,71,3,Topic 71
2023,22,13,Topic 22
2023,29,3,Topic 29
2023,12,14,Topic 12
2023,65,6,Topic 65
2023,41,8,Topic 41
2023,43,3,Topic 43
2023,75,1,Topic 75
2023,34,10,Topic 34
2023,67,6,Topic 67
2023,53,3,Topic 53
2023,10,5,Topic 10
2023,47,2,Topic 47
2023,30,4,Topic 30
2023,68,2,Topic 68
2023,31,8,Topic 31
2023,57,5,Topic 57
2023,17,3,Topic 17
2023,20,5,Topic 20
2023,55,3,Topic 55
2023,72,2,Topic 72
2023,66,3,Topic 66
2023,77,1,Topic 77
2021,72,6,Topic 72
2021,11,12,Topic 11
2021,56,2,Topic 56
2021,68,4,Topic 68
2021,58,6,Topic 58
2021,8,17,Topic 8
2021,15,7,Topic 15
2021,9,16,Topic 9
2021,49,5,Topic 49
2021,1,35,Topic 1
2021,0,47,Topic 0
2021,42,5,Topic 42
2021,38,2,Topic 38
2021,51,4,Topic 51
2021,23,15,Topic 23
2021,64,6,Topic 64
2021,40,7,Topic 40
2021,21,17,Topic 21
2021,14,17,Topic 14
2021,43,10,Topic 43
2021,34,7,Topic 34
2021,6,16,Topic 6
2021,25,8,Topic 25
2021,5,21,Topic 5
2021,35,17,Topic 35
2021,4,23,Topic 4
2021,62,5,Topic 62
2021,17,11,Topic 17
2021,2,52,Topic 2
2021,73,1,Topic 73
2021,3,15,Topic 3
2021,12,8,Topic 12
2021,67,10,Topic 67
2021,13,14,Topic 13
2021,63,9,Topic 63
2021,30,8,Topic 30
2021,16,2,Topic 16
2021,69,3,Topic 69
2021,54,5,Topic 54
2021,78,5,Topic 78
2021,48,4,Topic 48
2021,53,4,Topic 53
2021,59,9,Topic 59
2021,20,9,Topic 20
2021,61,9,Topic 61
2021,33,6,Topic 33
2021,19,6,Topic 19
2021,36,8,Topic 36
2021,71,7,Topic 71
2021,32,5,Topic 32
2021,50,6,Topic 50
2021,44,4,Topic 44
2021,80,2,Topic 80
2021,47,3,Topic 47
2021,79,2,Topic 79
2021,22,17,Topic 22
2021,52,4,Topic 52
2021,57,5,Topic 57
2021,10,9,Topic 10
2021,7,9,Topic 7
2021,65,2,Topic 65
2021,29,12,Topic 29
2021,31,3,Topic 31
2021,18,4,Topic 18
2021,27,10,Topic 27
2021,28,4,Topic 28
2021,74,3,Topic 74
2021,82,6,Topic 82
2021,41,3,Topic 41
2021,39,5,Topic 39
2021,77,7,Topic 77
2021,76,4,Topic 76
2021,26,2,Topic 26
2021,55,2,Topic 55
2021,46,6,Topic 46
2021,60,5,Topic 60
2021,45,3,Topic 45
2021,24,6,Topic 24
2021,37,4,Topic 37
2021,81,1,Topic 81
2021,70,1,Topic 70
2021,75,3,Topic 75
2021,66,2,Topic 66
2024,3,28,Topic 3
2024,72,12,Topic 72
2024,51,5,Topic 51
2024,2,51,Topic 2
2024,30,7,Topic 30
2024,21,6,Topic 21
2024,8,22,Topic 8
2024,61,9,Topic 61
2024,40,13,Topic 40
2024,7,7,Topic 7
2024,82,3,Topic 82
2024,27,11,Topic 27
2024,1,40,Topic 1
2024,13,18,Topic 13
2024,37,12,Topic 37
2024,31,8,Topic 31
2024,41,4,Topic 41
2024,35,6,Topic 35
2024,53,2,Topic 53
2024,52,11,Topic 52
2024,38,9,Topic 38
2024,0,70,Topic 0
2024,5,26,Topic 5
2024,43,4,Topic 43
2024,6,30,Topic 6
2024,45,5,Topic 45
2024,14,14,Topic 14
2024,4,27,Topic 4
2024,49,11,Topic 49
2024,46,6,Topic 46
2024,9,23,Topic 9
2024,55,1,Topic 55
2024,80,6,Topic 80
2024,36,8,Topic 36
2024,20,8,Topic 20
2024,50,6,Topic 50
2024,63,7,Topic 63
2024,79,6,Topic 79
2024,16,13,Topic 16
2024,58,3,Topic 58
2024,65,5,Topic 65
2024,42,3,Topic 42
2024,73,6,Topic 73
2024,70,8,Topic 70
2024,11,12,Topic 11
2024,68,11,Topic 68
2024,22,10,Topic 22
2024,74,4,Topic 74
2024,19,18,Topic 19
2024,62,4,Topic 62
2024,34,9,Topic 34
2024,71,2,Topic 71
2024,33,7,Topic 33
2024,15,11,Topic 15
2024,59,2,Topic 59
2024,76,3,Topic 76
2024,17,10,Topic 17
2024,12,14,Topic 12
2024,18,7,Topic 18
2024,10,16,Topic 10
2024,24,10,Topic 24
2024,54,6,Topic 54
2024,44,5,Topic 44
2024,60,3,Topic 60
2024,39,5,Topic 39
2024,57,3,Topic 57
2024,32,5,Topic 32
2024,26,11,Topic 26
2024,25,4,Topic 25
2024,47,5,Topic 47
2024,66,4,Topic 66
2024,75,3,Topic 75
2024,78,6,Topic 78
2024,67,16,Topic 67
2024,28,8,Topic 28
2024,23,6,Topic 23
2024,64,7,Topic 64
2024,81,2,Topic 81
2024,69,1,Topic 69
2024,48,3,Topic 48
2024,77,1,Topic 77
2022,20,14,Topic 20
2022,2,67,Topic 2
2022,30,9,Topic 30
2022,61,14,Topic 61
2022,34,7,Topic 34
2022,8,27,Topic 8
2022,0,50,Topic 0
2022,21,16,Topic 21
2022,44,16,Topic 44
2022,55,3,Topic 55
2022,27,9,Topic 27
2022,24,9,Topic 24
2022,31,7,Topic 31
2022,47,5,Topic 47
2022,82,7,Topic 82
2022,4,24,Topic 4
2022,28,5,Topic 28
2022,12,10,Topic 12
2022,5,23,Topic 5
2022,6,26,Topic 6
2022,36,14,Topic 36
2022,15,9,Topic 15
2022,19,11,Topic 19
2022,14,14,Topic 14
2022,51,8,Topic 51
2022,33,10,Topic 33
2022,59,3,Topic 59
2022,43,9,Topic 43
2022,1,29,Topic 1
2022,37,9,Topic 37
2022,16,6,Topic 16
2022,52,8,Topic 52
2022,3,21,Topic 3
2022,76,2,Topic 76
2022,9,20,Topic 9
2022,60,9,Topic 60
2022,26,9,Topic 26
2022,54,3,Topic 54
2022,71,6,Topic 71
2022,46,11,Topic 46
2022,42,4,Topic 42
2022,25,5,Topic 25
2022,50,4,Topic 50
2022,17,9,Topic 17
2022,53,1,Topic 53
2022,70,4,Topic 70
2022,68,4,Topic 68
2022,11,6,Topic 11
2022,80,4,Topic 80
2022,10,10,Topic 10
2022,32,7,Topic 32
2022,73,2,Topic 73
2022,18,4,Topic 18
2022,48,3,Topic 48
2022,78,4,Topic 78
2022,45,3,Topic 45
2022,63,1,Topic 63
2022,62,4,Topic 62
2022,13,7,Topic 13
2022,64,4,Topic 64
2022,57,5,Topic 57
2022,40,9,Topic 40
2022,29,9,Topic 29
2022,56,1,Topic 56
2022,23,7,Topic 23
2022,7,7,Topic 7
2022,69,1,Topic 69
2022,77,3,Topic 77
2022,41,3,Topic 41
2022,35,9,Topic 35
2022,22,8,Topic 22
2022,65,4,Topic 65
2022,49,4,Topic 49
2022,74,4,Topic 74
2022,38,10,Topic 38
2022,66,3,Topic 66
2022,67,2,Topic 67
2022,72,4,Topic 72
2022,39,1,Topic 39
2020,11,19,Topic 11
2020,51,5,Topic 51
2020,8,19,Topic 8
2020,5,18,Topic 5
2020,46,5,Topic 46
2020,0,46,Topic 0
2020,19,5,Topic 19
2020,31,4,Topic 31
2020,47,2,Topic 47
2020,23,6,Topic 23
2020,61,2,Topic 61
2020,1,24,Topic 1
2020,2,21,Topic 2
2020,60,5,Topic 60
2020,42,2,Topic 42
2020,22,11,Topic 22
2020,33,4,Topic 33
2020,24,4,Topic 24
2020,72,3,Topic 72
2020,68,3,Topic 68
2020,14,14,Topic 14
2020,34,12,Topic 34
2020,41,2,Topic 41
2020,3,10,Topic 3
2020,45,3,Topic 45
2020,69,8,Topic 69
2020,4,16,Topic 4
2020,16,6,Topic 16
2020,21,7,Topic 21
2020,40,7,Topic 40
2020,65,7,Topic 65
2020,63,7,Topic 63
2020,28,3,Topic 28
2020,50,2,Topic 50
2020,12,11,Topic 12
2020,6,7,Topic 6
2020,43,3,Topic 43
2020,70,2,Topic 70
2020,76,2,Topic 76
2020,62,7,Topic 62
2020,25,8,Topic 25
2020,78,2,Topic 78
2020,13,11,Topic 13
2020,10,16,Topic 10
2020,48,2,Topic 48
2020,53,4,Topic 53
2020,44,2,Topic 44
2020,15,10,Topic 15
2020,66,2,Topic 66
2020,54,2,Topic 54
2020,73,4,Topic 73
2020,56,1,Topic 56
2020,64,5,Topic 64
2020,57,9,Topic 57
2020,18,4,Topic 18
2020,52,4,Topic 52
2020,74,4,Topic 74
2020,35,6,Topic 35
2020,9,14,Topic 9
2020,81,2,Topic 81
2020,30,6,Topic 30
2020,7,5,Topic 7
2020,38,3,Topic 38
2020,27,5,Topic 27
2020,71,3,Topic 71
2020,82,4,Topic 82
2020,75,1,Topic 75
2020,59,1,Topic 59
2020,32,5,Topic 32
2020,20,5,Topic 20
2020,17,4,Topic 17
2020,58,2,Topic 58
2020,37,2,Topic 37
2020,26,2,Topic 26
2020,39,2,Topic 39
2020,36,1,Topic 36
2000,26,1,Topic 26
2000,23,3,Topic 23
2000,55,3,Topic 55
2000,45,1,Topic 45
2000,6,2,Topic 6
2000,57,1,Topic 57
2000,7,2,Topic 7
2000,8,1,Topic 8
2000,17,2,Topic 17
2000,50,2,Topic 50
2000,3,1,Topic 3
2000,12,2,Topic 12
2000,76,1,Topic 76
2000,4,1,Topic 4
2000,66,2,Topic 66
2000,41,3,Topic 41
2000,10,1,Topic 10
2000,1,1,Topic 1
2000,11,1,Topic 11
2000,52,1,Topic 52
2001,26,2,Topic 26
2001,7,7,Topic 7
2001,18,2,Topic 18
2001,54,2,Topic 54
2001,56,1,Topic 56
2001,6,1,Topic 6
2001,10,3,Topic 10
2001,50,2,Topic 50
2001,47,1,Topic 47
2001,58,4,Topic 58
2001,28,2,Topic 28
2001,3,4,Topic 3
2001,29,5,Topic 29
2001,41,2,Topic 41
2001,75,1,Topic 75
2001,23,2,Topic 23
2017,55,3,Topic 55
2017,0,39,Topic 0
2017,22,2,Topic 22
2017,24,6,Topic 24
2017,1,11,Topic 1
2017,16,4,Topic 16
2017,72,1,Topic 72
2017,26,2,Topic 26
2017,5,11,Topic 5
2017,71,1,Topic 71
2017,14,4,Topic 14
2017,15,10,Topic 15
2017,45,6,Topic 45
2017,34,2,Topic 34
2017,6,11,Topic 6
2017,49,1,Topic 49
2017,66,4,Topic 66
2017,7,6,Topic 7
2017,43,3,Topic 43
2017,12,9,Topic 12
2017,8,7,Topic 8
2017,17,5,Topic 17
2017,69,6,Topic 69
2017,70,5,Topic 70
2017,25,8,Topic 25
2017,59,3,Topic 59
2017,60,3,Topic 60
2017,33,5,Topic 33
2017,21,3,Topic 21
2017,63,3,Topic 63
2017,56,3,Topic 56
2017,11,2,Topic 11
2017,3,9,Topic 3
2017,48,2,Topic 48
2017,53,4,Topic 53
2017,10,5,Topic 10
2017,32,2,Topic 32
2017,30,2,Topic 30
2017,40,1,Topic 40
2017,4,10,Topic 4
2017,19,2,Topic 19
2017,65,2,Topic 65
2017,62,5,Topic 62
2017,74,1,Topic 74
2017,35,3,Topic 35
2017,27,8,Topic 27
2017,75,1,Topic 75
2017,29,5,Topic 29
2017,42,5,Topic 42
2017,52,1,Topic 52
2017,41,3,Topic 41
2017,39,12,Topic 39
2017,46,5,Topic 46
2017,31,2,Topic 31
2017,47,4,Topic 47
2017,73,4,Topic 73
2017,79,4,Topic 79
2017,23,1,Topic 23
2017,44,4,Topic 44
2017,13,5,Topic 13
2017,81,2,Topic 81
2017,9,4,Topic 9
2017,64,2,Topic 64
2017,20,2,Topic 20
2017,78,2,Topic 78
2017,82,1,Topic 82
2017,76,3,Topic 76
2017,57,2,Topic 57
2017,18,2,Topic 18
2017,2,1,Topic 2
2017,28,1,Topic 28
2017,36,1,Topic 36
2025,51,4,Topic 51
2025,59,2,Topic 59
2025,1,21,Topic 1
2025,5,7,Topic 5
2025,28,2,Topic 28
2025,0,16,Topic 0
2025,21,3,Topic 21
2025,20,1,Topic 20
2025,9,8,Topic 9
2025,19,8,Topic 19
2025,26,4,Topic 26
2025,11,5,Topic 11
2025,50,1,Topic 50
2025,46,2,Topic 46
2025,22,2,Topic 22
2025,2,6,Topic 2
2025,47,3,Topic 47
2025,54,3,Topic 54
2025,34,6,Topic 34
2025,40,4,Topic 40
2025,25,4,Topic 25
2025,65,1,Topic 65
2025,8,5,Topic 8
2025,6,11,Topic 6
2025,60,3,Topic 60
2025,15,5,Topic 15
2025,38,2,Topic 38
2025,4,7,Topic 4
2025,79,3,Topic 79
2025,10,4,Topic 10
2025,45,1,Topic 45
2025,35,1,Topic 35
2025,44,3,Topic 44
2025,27,3,Topic 27
2025,71,2,Topic 71
2025,80,1,Topic 80
2025,43,2,Topic 43
2025,13,3,Topic 13
2025,61,2,Topic 61
2025,32,1,Topic 32
2025,72,1,Topic 72
2025,17,2,Topic 17
2025,33,4,Topic 33
2025,68,1,Topic 68
2025,16,1,Topic 16
2025,62,2,Topic 62
2025,39,1,Topic 39
2025,31,3,Topic 31
2025,58,2,Topic 58
2025,41,2,Topic 41
2025,18,4,Topic 18
2025,14,1,Topic 14
2025,67,2,Topic 67
2025,3,9,Topic 3
2025,36,2,Topic 36
2025,37,1,Topic 37
2025,23,1,Topic 23
2025,49,1,Topic 49
2025,82,1,Topic 82
2025,52,1,Topic 52
2025,12,2,Topic 12
2025,24,2,Topic 24
2025,30,1,Topic 30
2025,64,1,Topic 64
2025,42,2,Topic 42
2025,56,1,Topic 56
2025,7,2,Topic 7
2025,55,1,Topic 55
2025,57,1,Topic 57
2025,70,1,Topic 70
2025,81,1,Topic 81
2011,41,2,Topic 41
2011,10,3,Topic 10
2011,55,2,Topic 55
2011,51,2,Topic 51
2011,58,3,Topic 58
2011,9,3,Topic 9
2011,49,2,Topic 49
2011,32,3,Topic 32
2011,16,5,Topic 16
2011,7,7,Topic 7
2011,43,5,Topic 43
2011,42,5,Topic 42
2011,13,3,Topic 13
2011,63,1,Topic 63
2011,30,1,Topic 30
2011,71,1,Topic 71
2011,25,2,Topic 25
2011,1,4,Topic 1
2011,31,4,Topic 31
2011,80,2,Topic 80
2011,4,5,Topic 4
2011,56,3,Topic 56
2011,38,3,Topic 38
2011,28,4,Topic 28
2011,8,1,Topic 8
2011,36,2,Topic 36
2011,23,2,Topic 23
2011,0,12,Topic 0
2011,18,2,Topic 18
2011,54,1,Topic 54
2011,52,1,Topic 52
2011,24,5,Topic 24
2011,66,1,Topic 66
2011,6,3,Topic 6
2011,69,1,Topic 69
2011,3,3,Topic 3
2011,76,1,Topic 76
2011,17,3,Topic 17
2011,29,2,Topic 29
2011,81,5,Topic 81
2011,45,1,Topic 45
2011,33,1,Topic 33
2011,5,1,Topic 5
2011,73,2,Topic 73
2011,35,1,Topic 35
2011,53,1,Topic 53
2011,15,1,Topic 15
2011,72,2,Topic 72
2011,50,2,Topic 50
2011,19,3,Topic 19
2011,64,1,Topic 64
2011,20,3,Topic 20
2011,75,2,Topic 75
2011,47,3,Topic 47
2011,74,1,Topic 74
2011,26,1,Topic 26
2015,39,4,Topic 39
2015,1,8,Topic 1
2015,34,2,Topic 34
2015,51,2,Topic 51
2015,0,27,Topic 0
2015,24,3,Topic 24
2015,38,5,Topic 38
2015,60,2,Topic 60
2015,14,3,Topic 14
2015,17,5,Topic 17
2015,18,4,Topic 18
2015,8,2,Topic 8
2015,33,2,Topic 33
2015,53,6,Topic 53
2015,42,2,Topic 42
2015,25,3,Topic 25
2015,70,5,Topic 70
2015,21,4,Topic 21
2015,31,3,Topic 31
2015,52,2,Topic 52
2015,27,4,Topic 27
2015,65,1,Topic 65
2015,15,4,Topic 15
2015,7,7,Topic 7
2015,59,4,Topic 59
2015,61,2,Topic 61
2015,48,2,Topic 48
2015,6,3,Topic 6
2015,4,7,Topic 4
2015,32,6,Topic 32
2015,11,3,Topic 11
2015,22,2,Topic 22
2015,45,4,Topic 45
2015,76,1,Topic 76
2015,10,2,Topic 10
2015,5,2,Topic 5
2015,30,4,Topic 30
2015,16,7,Topic 16
2015,79,2,Topic 79
2015,35,3,Topic 35
2015,56,3,Topic 56
2015,47,3,Topic 47
2015,3,5,Topic 3
2015,28,2,Topic 28
2015,12,2,Topic 12
2015,19,5,Topic 19
2015,69,2,Topic 69
2015,64,1,Topic 64
2015,49,1,Topic 49
2015,77,1,Topic 77
2015,80,1,Topic 80
2015,66,2,Topic 66
2015,50,2,Topic 50
2015,26,1,Topic 26
2015,78,1,Topic 78
2015,55,2,Topic 55
2015,2,1,Topic 2
2015,23,2,Topic 23
2015,9,1,Topic 9
2015,41,1,Topic 41
2015,67,1,Topic 67
2015,68,1,Topic 68
2015,29,2,Topic 29
2014,30,3,Topic 30
2014,10,9,Topic 10
2014,32,6,Topic 32
2014,67,1,Topic 67
2014,81,2,Topic 81
2014,9,5,Topic 9
2014,28,4,Topic 28
2014,6,7,Topic 6
2014,68,4,Topic 68
2014,0,46,Topic 0
2014,15,5,Topic 15
2014,14,2,Topic 14
2014,8,1,Topic 8
2014,58,2,Topic 58
2014,24,4,Topic 24
2014,7,9,Topic 7
2014,18,9,Topic 18
2014,56,4,Topic 56
2014,1,4,Topic 1
2014,16,5,Topic 16
2014,53,2,Topic 53
2014,40,1,Topic 40
2014,42,2,Topic 42
2014,63,1,Topic 63
2014,45,2,Topic 45
2014,25,7,Topic 25
2014,3,5,Topic 3
2014,11,5,Topic 11
2014,21,5,Topic 21
2014,2,1,Topic 2
2014,38,4,Topic 38
2014,36,2,Topic 36
2014,50,1,Topic 50
2014,55,3,Topic 55
2014,4,6,Topic 4
2014,78,1,Topic 78
2014,20,7,Topic 20
2014,17,4,Topic 17
2014,12,3,Topic 12
2014,13,3,Topic 13
2014,43,1,Topic 43
2014,75,1,Topic 75
2014,66,3,Topic 66
2014,52,2,Topic 52
2014,35,1,Topic 35
2014,29,4,Topic 29
2014,23,6,Topic 23
2014,31,1,Topic 31
2014,5,1,Topic 5
2014,47,1,Topic 47
2014,34,3,Topic 34
2014,76,1,Topic 76
2014,41,2,Topic 41
2014,33,1,Topic 33
2014,79,1,Topic 79
2014,22,1,Topic 22
2014,48,2,Topic 48
2014,59,2,Topic 59
2014,60,1,Topic 60
2014,51,1,Topic 51
2014,54,1,Topic 54
2014,27,1,Topic 27
2014,26,1,Topic 26
2014,37,2,Topic 37
2014,19,2,Topic 19
2014,39,1,Topic 39
2014,57,1,Topic 57
2014,80,1,Topic 80
2014,49,1,Topic 49
2018,5,7,Topic 5
2018,77,2,Topic 77
2018,53,4,Topic 53
2018,10,9,Topic 10
2018,28,5,Topic 28
2018,6,6,Topic 6
2018,22,3,Topic 22
2018,44,5,Topic 44
2018,8,12,Topic 8
2018,23,6,Topic 23
2018,24,5,Topic 24
2018,0,35,Topic 0
2018,43,3,Topic 43
2018,14,7,Topic 14
2018,25,6,Topic 25
2018,37,1,Topic 37
2018,42,3,Topic 42
2018,26,5,Topic 26
2018,29,3,Topic 29
2018,27,5,Topic 27
2018,50,3,Topic 50
2018,63,1,Topic 63
2018,70,6,Topic 70
2018,4,4,Topic 4
2018,21,7,Topic 21
2018,46,4,Topic 46
2018,32,2,Topic 32
2018,33,10,Topic 33
2018,2,1,Topic 2
2018,71,2,Topic 71
2018,11,9,Topic 11
2018,73,3,Topic 73
2018,15,9,Topic 15
2018,17,6,Topic 17
2018,40,3,Topic 40
2018,13,7,Topic 13
2018,7,5,Topic 7
2018,30,2,Topic 30
2018,3,11,Topic 3
2018,9,6,Topic 9
2018,57,2,Topic 57
2018,58,2,Topic 58
2018,66,4,Topic 66
2018,18,3,Topic 18
2018,16,2,Topic 16
2018,35,3,Topic 35
2018,62,3,Topic 62
2018,75,1,Topic 75
2018,20,2,Topic 20
2018,1,9,Topic 1
2018,36,2,Topic 36
2018,49,5,Topic 49
2018,51,1,Topic 51
2018,39,3,Topic 39
2018,31,1,Topic 31
2018,79,2,Topic 79
2018,56,1,Topic 56
2018,55,2,Topic 55
2018,12,2,Topic 12
2018,80,1,Topic 80
2018,65,1,Topic 65
2018,59,1,Topic 59
2018,60,1,Topic 60
2018,78,1,Topic 78
2018,34,1,Topic 34
2018,41,1,Topic 41
2018,48,2,Topic 48
2018,38,2,Topic 38
2018,52,1,Topic 52
2018,81,2,Topic 81
2018,19,2,Topic 19
2018,68,1,Topic 68
2018,54,1,Topic 54
2018,82,1,Topic 82
2018,64,1,Topic 64
2018,47,2,Topic 47
2018,74,1,Topic 74
2010,22,1,Topic 22
2010,18,4,Topic 18
2010,31,3,Topic 31
2010,7,11,Topic 7
2010,77,2,Topic 77
2010,2,2,Topic 2
2010,45,2,Topic 45
2010,48,6,Topic 48
2010,53,2,Topic 53
2010,58,3,Topic 58
2010,49,1,Topic 49
2010,11,5,Topic 11
2010,4,7,Topic 4
2010,1,11,Topic 1
2010,25,5,Topic 25
2010,24,4,Topic 24
2010,56,2,Topic 56
2010,23,4,Topic 23
2010,43,4,Topic 43
2010,0,17,Topic 0
2010,10,3,Topic 10
2010,20,5,Topic 20
2010,30,3,Topic 30
2010,73,1,Topic 73
2010,81,2,Topic 81
2010,16,4,Topic 16
2010,75,3,Topic 75
2010,3,6,Topic 3
2010,29,3,Topic 29
2010,72,1,Topic 72
2010,33,1,Topic 33
2010,12,1,Topic 12
2010,74,3,Topic 74
2010,32,2,Topic 32
2010,17,3,Topic 17
2010,42,1,Topic 42
2010,47,2,Topic 47
2010,78,1,Topic 78
2010,8,1,Topic 8
2010,6,2,Topic 6
2010,5,1,Topic 5
2010,50,2,Topic 50
2010,15,2,Topic 15
2010,66,1,Topic 66
2010,28,3,Topic 28
2010,62,1,Topic 62
2010,41,3,Topic 41
2010,26,1,Topic 26
2010,55,1,Topic 55
2010,37,1,Topic 37
2012,16,5,Topic 16
2012,80,1,Topic 80
2012,3,4,Topic 3
2012,18,2,Topic 18
2012,56,3,Topic 56
2012,36,4,Topic 36
2012,13,1,Topic 13
2012,8,8,Topic 8
2012,5,6,Topic 5
2012,45,7,Topic 45
2012,11,7,Topic 11
2012,12,4,Topic 12
2012,58,1,Topic 58
2012,33,1,Topic 33
2012,35,2,Topic 35
2012,17,4,Topic 17
2012,25,4,Topic 25
2012,24,3,Topic 24
2012,62,2,Topic 62
2012,10,3,Topic 10
2012,6,6,Topic 6
2012,43,4,Topic 43
2012,54,4,Topic 54
2012,39,2,Topic 39
2012,14,1,Topic 14
2012,4,3,Topic 4
2012,15,1,Topic 15
2012,32,3,Topic 32
2012,0,16,Topic 0
2012,60,2,Topic 60
2012,28,3,Topic 28
2012,22,3,Topic 22
2012,26,3,Topic 26
2012,1,5,Topic 1
2012,7,7,Topic 7
2012,29,2,Topic 29
2012,41,1,Topic 41
2012,30,2,Topic 30
2012,81,2,Topic 81
2012,31,3,Topic 31
2012,75,1,Topic 75
2012,47,1,Topic 47
2012,50,1,Topic 50
2012,53,1,Topic 53
2012,68,1,Topic 68
2012,23,2,Topic 23
2012,2,1,Topic 2
2012,78,1,Topic 78
2012,48,2,Topic 48
2012,9,1,Topic 9
2012,66,1,Topic 66
2012,55,2,Topic 55
2012,63,1,Topic 63
2012,51,1,Topic 51
2012,20,1,Topic 20
2012,46,1,Topic 46
2012,21,1,Topic 21
2012,77,1,Topic 77
2008,4,3,Topic 4
2008,18,3,Topic 18
2008,58,1,Topic 58
2008,52,1,Topic 52
2008,24,1,Topic 24
2008,8,2,Topic 8
2008,10,5,Topic 10
2008,11,4,Topic 11
2008,57,2,Topic 57
2008,25,1,Topic 25
2008,36,1,Topic 36
2008,48,4,Topic 48
2008,7,9,Topic 7
2008,21,1,Topic 21
2008,14,2,Topic 14
2008,15,1,Topic 15
2008,56,2,Topic 56
2008,42,2,Topic 42
2008,12,1,Topic 12
2008,6,5,Topic 6
2008,66,1,Topic 66
2008,54,1,Topic 54
2008,75,1,Topic 75
2008,0,5,Topic 0
2008,55,5,Topic 55
2008,5,2,Topic 5
2008,17,3,Topic 17
2008,41,3,Topic 41
2008,1,2,Topic 1
2008,29,1,Topic 29
2008,3,6,Topic 3
2008,69,2,Topic 69
2008,16,3,Topic 16
2008,32,3,Topic 32
2008,49,1,Topic 49
2008,39,1,Topic 39
2008,60,1,Topic 60
2008,47,1,Topic 47
2008,28,1,Topic 28
2008,20,1,Topic 20
2008,23,2,Topic 23
2008,35,1,Topic 35
2008,78,1,Topic 78
2008,26,1,Topic 26
2009,0,32,Topic 0
2009,29,7,Topic 29
2009,18,14,Topic 18
2009,31,7,Topic 31
2009,20,12,Topic 20
2009,55,6,Topic 55
2009,3,7,Topic 3
2009,7,26,Topic 7
2009,10,7,Topic 10
2009,32,1,Topic 32
2009,26,3,Topic 26
2009,30,4,Topic 30
2009,66,2,Topic 66
2009,1,8,Topic 1
2009,12,8,Topic 12
2009,75,5,Topic 75
2009,5,7,Topic 5
2009,25,5,Topic 25
2009,15,1,Topic 15
2009,50,3,Topic 50
2009,48,2,Topic 48
2009,6,4,Topic 6
2009,16,3,Topic 16
2009,21,1,Topic 21
2009,74,1,Topic 74
2009,39,2,Topic 39
2009,17,6,Topic 17
2009,57,1,Topic 57
2009,52,1,Topic 52
2009,77,8,Topic 77
2009,45,2,Topic 45
2009,58,5,Topic 58
2009,37,1,Topic 37
2009,41,6,Topic 41
2009,9,2,Topic 9
2009,22,3,Topic 22
2009,69,1,Topic 69
2009,8,3,Topic 8
2009,53,2,Topic 53
2009,24,1,Topic 24
2009,56,4,Topic 56
2009,76,2,Topic 76
2009,82,1,Topic 82
2009,54,1,Topic 54
2009,78,1,Topic 78
2009,13,1,Topic 13
2009,47,1,Topic 47
2009,46,1,Topic 46
2002,1,2,Topic 1
2002,29,3,Topic 29
2002,23,1,Topic 23
2002,0,1,Topic 0
2002,11,1,Topic 11
2002,3,4,Topic 3
2002,17,1,Topic 17
2002,26,1,Topic 26
2002,7,3,Topic 7
2002,56,1,Topic 56
2002,37,1,Topic 37
2002,57,1,Topic 57
2002,12,3,Topic 12
2002,39,1,Topic 39
2002,41,2,Topic 41
2002,76,2,Topic 76
2002,54,4,Topic 54
2002,74,1,Topic 74
2002,10,1,Topic 10
2002,16,1,Topic 16
2002,6,1,Topic 6
2002,77,1,Topic 77
2002,58,1,Topic 58
2002,2,1,Topic 2
2002,4,1,Topic 4
2019,29,6,Topic 29
2019,7,11,Topic 7
2019,60,3,Topic 60
2019,49,2,Topic 49
2019,13,12,Topic 13
2019,2,3,Topic 2
2019,0,36,Topic 0
2019,25,4,Topic 25
2019,59,7,Topic 59
2019,8,11,Topic 8
2019,11,13,Topic 11
2019,54,3,Topic 54
2019,14,9,Topic 14
2019,58,2,Topic 58
2019,47,6,Topic 47
2019,5,17,Topic 5
2019,34,7,Topic 34
2019,71,6,Topic 71
2019,1,21,Topic 1
2019,20,7,Topic 20
2019,10,13,Topic 10
2019,42,5,Topic 42
2019,4,11,Topic 4
2019,16,8,Topic 16
2019,50,9,Topic 50
2019,22,8,Topic 22
2019,63,2,Topic 63
2019,65,6,Topic 65
2019,17,2,Topic 17
2019,15,7,Topic 15
2019,3,20,Topic 3
2019,21,8,Topic 21
2019,33,5,Topic 33
2019,69,3,Topic 69
2019,53,3,Topic 53
2019,24,7,Topic 24
2019,48,2,Topic 48
2019,80,2,Topic 80
2019,45,3,Topic 45
2019,27,7,Topic 27
2019,40,4,Topic 40
2019,51,5,Topic 51
2019,44,3,Topic 44
2019,62,3,Topic 62
2019,56,4,Topic 56
2019,76,2,Topic 76
2019,81,3,Topic 81
2019,6,2,Topic 6
2019,68,1,Topic 68
2019,32,3,Topic 32
2019,23,5,Topic 23
2019,72,2,Topic 72
2019,9,10,Topic 9
2019,38,4,Topic 38
2019,77,2,Topic 77
2019,66,3,Topic 66
2019,39,4,Topic 39
2019,73,2,Topic 73
2019,30,4,Topic 30
2019,28,3,Topic 28
2019,31,2,Topic 31
2019,19,6,Topic 19
2019,18,3,Topic 18
2019,43,1,Topic 43
2019,26,2,Topic 26
2019,36,6,Topic 36
2019,46,2,Topic 46
2019,35,2,Topic 35
2019,55,3,Topic 55
2019,12,4,Topic 12
2019,64,1,Topic 64
2019,52,1,Topic 52
2019,37,1,Topic 37
2019,57,1,Topic 57
2019,79,2,Topic 79
2019,82,1,Topic 82
2016,69,2,Topic 69
2016,0,30,Topic 0
2016,11,6,Topic 11
2016,5,7,Topic 5
2016,81,2,Topic 81
2016,78,1,Topic 78
2016,42,4,Topic 42
2016,22,5,Topic 22
2016,50,2,Topic 50
2016,15,9,Topic 15
2016,54,2,Topic 54
2016,1,8,Topic 1
2016,14,4,Topic 14
2016,12,5,Topic 12
2016,8,4,Topic 8
2016,25,2,Topic 25
2016,6,9,Topic 6
2016,24,5,Topic 24
2016,4,8,Topic 4
2016,73,1,Topic 73
2016,63,3,Topic 63
2016,3,12,Topic 3
2016,13,8,Topic 13
2016,32,6,Topic 32
2016,23,2,Topic 23
2016,10,5,Topic 10
2016,79,4,Topic 79
2016,7,4,Topic 7
2016,62,1,Topic 62
2016,80,1,Topic 80
2016,26,2,Topic 26
2016,53,7,Topic 53
2016,21,5,Topic 21
2016,30,4,Topic 30
2016,59,3,Topic 59
2016,9,3,Topic 9
2016,18,3,Topic 18
2016,33,4,Topic 33
2016,49,1,Topic 49
2016,65,1,Topic 65
2016,45,3,Topic 45
2016,60,1,Topic 60
2016,31,3,Topic 31
2016,56,2,Topic 56
2016,47,3,Topic 47
2016,58,1,Topic 58
2016,28,6,Topic 28
2016,17,5,Topic 17
2016,16,2,Topic 16
2016,64,2,Topic 64
2016,57,3,Topic 57
2016,37,2,Topic 37
2016,75,2,Topic 75
2016,48,6,Topic 48
2016,36,1,Topic 36
2016,46,5,Topic 46
2016,20,3,Topic 20
2016,19,1,Topic 19
2016,38,1,Topic 38
2016,55,1,Topic 55
2016,74,2,Topic 74
2016,29,1,Topic 29
2016,68,1,Topic 68
2013,58,2,Topic 58
2013,25,4,Topic 25
2013,81,3,Topic 81
2013,7,7,Topic 7
2013,4,5,Topic 4
2013,23,5,Topic 23
2013,0,25,Topic 0
2013,30,4,Topic 30
2013,6,6,Topic 6
2013,32,2,Topic 32
2013,53,3,Topic 53
2013,26,2,Topic 26
2013,10,9,Topic 10
2013,63,2,Topic 63
2013,59,3,Topic 59
2013,16,4,Topic 16
2013,1,9,Topic 1
2013,3,5,Topic 3
2013,74,1,Topic 74
2013,60,3,Topic 60
2013,42,6,Topic 42
2013,36,2,Topic 36
2013,12,3,Topic 12
2013,15,4,Topic 15
2013,11,4,Topic 11
2013,65,4,Topic 65
2013,21,1,Topic 21
2013,14,2,Topic 14
2013,71,2,Topic 71
2013,41,2,Topic 41
2013,54,2,Topic 54
2013,43,4,Topic 43
2013,69,1,Topic 69
2013,24,1,Topic 24
2013,20,5,Topic 20
2013,29,2,Topic 29
2013,17,5,Topic 17
2013,47,4,Topic 47
2013,5,4,Topic 5
2013,38,3,Topic 38
2013,75,2,Topic 75
2013,27,2,Topic 27
2013,13,2,Topic 13
2013,9,2,Topic 9
2013,31,2,Topic 31
2013,28,3,Topic 28
2013,73,5,Topic 73
2013,49,3,Topic 49
2013,62,2,Topic 62
2013,56,2,Topic 56
2013,48,3,Topic 48
2013,8,3,Topic 8
2013,40,1,Topic 40
2013,45,1,Topic 45
2013,76,1,Topic 76
2013,22,1,Topic 22
2013,80,1,Topic 80
2013,19,3,Topic 19
2013,18,1,Topic 18
2013,39,2,Topic 39
2013,34,2,Topic 34
2013,37,2,Topic 37
2013,55,2,Topic 55
2013,52,1,Topic 52
2013,50,1,Topic 50
2006,31,1,Topic 31
2006,29,1,Topic 29
2006,18,1,Topic 18
2006,3,3,Topic 3
2006,26,3,Topic 26
2006,8,2,Topic 8
2006,69,1,Topic 69
2006,6,1,Topic 6
2006,58,1,Topic 58
2006,16,3,Topic 16
2006,37,1,Topic 37
2006,7,3,Topic 7
2006,42,2,Topic 42
2006,55,1,Topic 55
2006,30,1,Topic 30
2006,65,1,Topic 65
2006,17,1,Topic 17
2006,59,1,Topic 59
2006,12,1,Topic 12
2006,1,1,Topic 1
2006,45,1,Topic 45
2006,0,2,Topic 0
2006,48,2,Topic 48
2006,10,1,Topic 10
2006,76,1,Topic 76
2006,15,1,Topic 15
2006,52,1,Topic 52
2006,32,2,Topic 32
2006,11,1,Topic 11
2006,28,1,Topic 28
2006,51,1,Topic 51
2007,3,4,Topic 3
2007,77,2,Topic 77
2007,10,3,Topic 10
2007,42,1,Topic 42
2007,38,2,Topic 38
2007,75,2,Topic 75
2007,48,1,Topic 48
2007,68,1,Topic 68
2007,50,1,Topic 50
2007,11,4,Topic 11
2007,8,1,Topic 8
2007,69,2,Topic 69
2007,35,1,Topic 35
2007,26,2,Topic 26
2007,16,6,Topic 16
2007,6,1,Topic 6
2007,4,3,Topic 4
2007,44,1,Topic 44
2007,20,3,Topic 20
2007,41,2,Topic 41
2007,52,2,Topic 52
2007,62,1,Topic 62
2007,58,1,Topic 58
2007,12,3,Topic 12
2007,22,2,Topic 22
2007,28,1,Topic 28
2007,18,3,Topic 18
2007,31,2,Topic 31
2007,55,1,Topic 55
2007,23,3,Topic 23
2007,17,1,Topic 17
2007,39,3,Topic 39
2007,45,1,Topic 45
2007,81,1,Topic 81
2007,79,1,Topic 79
2007,76,3,Topic 76
2007,57,1,Topic 57
2007,1,1,Topic 1
2007,7,1,Topic 7
2007,56,1,Topic 56
2004,51,1,Topic 51
2004,27,2,Topic 27
2004,7,9,Topic 7
2004,6,3,Topic 6
2004,8,1,Topic 8
2004,28,3,Topic 28
2004,24,1,Topic 24
2004,3,5,Topic 3
2004,12,2,Topic 12
2004,16,2,Topic 16
2004,57,1,Topic 57
2004,50,1,Topic 50
2004,75,3,Topic 75
2004,18,3,Topic 18
2004,22,1,Topic 22
2004,4,1,Topic 4
2004,30,1,Topic 30
2004,47,3,Topic 47
2004,48,1,Topic 48
2004,76,1,Topic 76
2004,56,1,Topic 56
2004,26,2,Topic 26
2004,41,2,Topic 41
2004,29,1,Topic 29
2004,10,1,Topic 10
2005,78,1,Topic 78
2005,64,1,Topic 64
2005,68,1,Topic 68
2005,25,1,Topic 25
2005,23,1,Topic 23
2005,1,4,Topic 1
2005,55,1,Topic 55
2005,9,1,Topic 9
2005,7,2,Topic 7
2005,41,2,Topic 41
2005,31,1,Topic 31
2005,28,2,Topic 28
2005,32,1,Topic 32
2005,15,1,Topic 15
2005,12,6,Topic 12
2005,4,1,Topic 4
2005,16,1,Topic 16
2005,18,2,Topic 18
2005,37,1,Topic 37
2005,35,1,Topic 35
2005,56,1,Topic 56
2003,54,2,Topic 54
2003,56,2,Topic 56
2003,11,1,Topic 11
2003,30,1,Topic 30
2003,6,3,Topic 6
2003,17,4,Topic 17
2003,20,1,Topic 20
2003,28,1,Topic 28
2003,3,4,Topic 3
2003,26,2,Topic 26
2003,43,1,Topic 43
2003,68,1,Topic 68
2003,31,3,Topic 31
2003,1,2,Topic 1
2003,10,1,Topic 10
2003,77,1,Topic 77
2003,4,1,Topic 4
2003,57,1,Topic 57
2003,12,1,Topic 12
2003,66,1,Topic 66
2003,16,1,Topic 16
2003,7,2,Topic 7
2003,47,1,Topic 47
2003,74,1,Topic 74
